<?xml version="1.0" encoding="UTF-8"?><?xml-stylesheet type='text/xsl' href='_UpgradeReport_Files/UpgradeReport.xslt'?><UpgradeLog>
<Properties><Property Name="Solution" Value="DoFactory.GangOfFour">
</Property><Property Name="Solution File" Value="F:\09-10 HKI\Mon TKPMHDT\Tai lieu hoc tap\DoFactory.GangOfFour\DoFactory.GangOfFour.sln">
</Property><Property Name="Date" Value="Saturday, December 12, 2009">
</Property><Property Name="Time" Value="7:41 AM">
</Property><Property Name="Log Number" Value="3">
</Property></Properties><Event ErrorLevel="0" Project="DoFactory.GangOfFour.Abstract.Structural" Source="DoFactory.GangOfFour.Abstract.Structural\DoFactory.GangOfFour.Abstract.Structural.csproj" Description="Project converted successfully">
</Event><Event ErrorLevel="3" Project="DoFactory.GangOfFour.Abstract.Structural" Source="DoFactory.GangOfFour.Abstract.Structural\DoFactory.GangOfFour.Abstract.Structural.csproj" Description="Converted">
</Event><Event ErrorLevel="0" Project="DoFactory.GangOfFour.Abstract.RealWorld" Source="DoFactory.GangOfFour.Abstract.RealWorld\DoFactory.GangOfFour.Abstract.RealWorld.csproj" Description="Project converted successfully">
</Event><Event ErrorLevel="3" Project="DoFactory.GangOfFour.Abstract.RealWorld" Source="DoFactory.GangOfFour.Abstract.RealWorld\DoFactory.GangOfFour.Abstract.RealWorld.csproj" Description="Converted">
</Event><Event ErrorLevel="0" Project="DoFactory.GangOfFour.Abstract.NETOptimized" Source="DoFactory.GangOfFour.Abstract.NETOptimized\DoFactory.GangOfFour.Abstract.NETOptimized.csproj" Description="Project converted successfully">
</Event><Event ErrorLevel="3" Project="DoFactory.GangOfFour.Abstract.NETOptimized" Source="DoFactory.GangOfFour.Abstract.NETOptimized\DoFactory.GangOfFour.Abstract.NETOptimized.csproj" Description="Converted">
</Event><Event ErrorLevel="0" Project="DoFactory.GangOfFour.Builder.Structural" Source="DoFactory.GangOfFour.Builder.Structural\DoFactory.GangOfFour.Builder.Structural.csproj" Description="Project converted successfully">
</Event><Event ErrorLevel="3" Project="DoFactory.GangOfFour.Builder.Structural" Source="DoFactory.GangOfFour.Builder.Structural\DoFactory.GangOfFour.Builder.Structural.csproj" Description="Converted">
</Event><Event ErrorLevel="0" Project="DoFactory.GangOfFour.Builder.RealWorld" Source="DoFactory.GangOfFour.Builder.RealWorld\DoFactory.GangOfFour.Builder.RealWorld.csproj" Description="Project converted successfully">
</Event><Event ErrorLevel="3" Project="DoFactory.GangOfFour.Builder.RealWorld" Source="DoFactory.GangOfFour.Builder.RealWorld\DoFactory.GangOfFour.Builder.RealWorld.csproj" Description="Converted">
</Event><Event ErrorLevel="0" Project="DoFactory.GangOfFour.Builder.NETOptimized" Source="DoFactory.GangOfFour.Builder.NETOptimized\DoFactory.GangOfFour.Builder.NETOptimized.csproj" Description="Project converted successfully">
</Event><Event ErrorLevel="3" Project="DoFactory.GangOfFour.Builder.NETOptimized" Source="DoFactory.GangOfFour.Builder.NETOptimized\DoFactory.GangOfFour.Builder.NETOptimized.csproj" Description="Converted">
</Event><Event ErrorLevel="0" Project="DoFactory.GangOfFour.Factory.Structural" Source="DoFactory.GangOfFour.Factory.Structural\DoFactory.GangOfFour.Factory.Structural.csproj" Description="Project converted successfully">
</Event><Event ErrorLevel="3" Project="DoFactory.GangOfFour.Factory.Structural" Source="DoFactory.GangOfFour.Factory.Structural\DoFactory.GangOfFour.Factory.Structural.csproj" Description="Converted">
</Event><Event ErrorLevel="0" Project="DoFactory.GangOfFour.Factory.RealWorld" Source="DoFactory.GangOfFour.Factory.RealWorld\DoFactory.GangOfFour.Factory.RealWorld.csproj" Description="Project converted successfully">
</Event><Event ErrorLevel="3" Project="DoFactory.GangOfFour.Factory.RealWorld" Source="DoFactory.GangOfFour.Factory.RealWorld\DoFactory.GangOfFour.Factory.RealWorld.csproj" Description="Converted">
</Event><Event ErrorLevel="0" Project="DoFactory.GangOfFour.Factory.NETOptimized" Source="DoFactory.GangOfFour.Factory.NETOptimized\DoFactory.GangOfFour.Factory.NETOptimized.csproj" Description="Project converted successfully">
</Event><Event ErrorLevel="3" Project="DoFactory.GangOfFour.Factory.NETOptimized" Source="DoFactory.GangOfFour.Factory.NETOptimized\DoFactory.GangOfFour.Factory.NETOptimized.csproj" Description="Converted">
</Event><Event ErrorLevel="0" Project="DoFactory.GangOfFour.Prototype.Structural" Source="DoFactory.GangOfFour.Prototype.Structural\DoFactory.GangOfFour.Prototype.Structural.csproj" Description="Project converted successfully">
</Event><Event ErrorLevel="3" Project="DoFactory.GangOfFour.Prototype.Structural" Source="DoFactory.GangOfFour.Prototype.Structural\DoFactory.GangOfFour.Prototype.Structural.csproj" Description="Converted">
</Event><Event ErrorLevel="0" Project="DoFactory.GangOfFour.Prototype.RealWorld" Source="DoFactory.GangOfFour.Prototype.RealWorld\DoFactory.GangOfFour.Prototype.RealWorld.csproj" Description="Project converted successfully">
</Event><Event ErrorLevel="3" Project="DoFactory.GangOfFour.Prototype.RealWorld" Source="DoFactory.GangOfFour.Prototype.RealWorld\DoFactory.GangOfFour.Prototype.RealWorld.csproj" Description="Converted">
</Event><Event ErrorLevel="0" Project="DoFactory.GangOfFour.Prototype.NETOptimized" Source="DoFactory.GangOfFour.Prototype.NETOptimized\DoFactory.GangOfFour.Prototype.NETOptimized.csproj" Description="Project converted successfully">
</Event><Event ErrorLevel="3" Project="DoFactory.GangOfFour.Prototype.NETOptimized" Source="DoFactory.GangOfFour.Prototype.NETOptimized\DoFactory.GangOfFour.Prototype.NETOptimized.csproj" Description="Converted">
</Event><Event ErrorLevel="0" Project="DoFactory.GangOfFour.Singleton.Structural" Source="DoFactory.GangOfFour.Singleton.Structural\DoFactory.GangOfFour.Singleton.Structural.csproj" Description="Project converted successfully">
</Event><Event ErrorLevel="3" Project="DoFactory.GangOfFour.Singleton.Structural" Source="DoFactory.GangOfFour.Singleton.Structural\DoFactory.GangOfFour.Singleton.Structural.csproj" Description="Converted">
</Event><Event ErrorLevel="0" Project="DoFactory.GangOfFour.Singleton.RealWorld" Source="DoFactory.GangOfFour.Singleton.RealWorld\DoFactory.GangOfFour.Singleton.RealWorld.csproj" Description="Project converted successfully">
</Event><Event ErrorLevel="3" Project="DoFactory.GangOfFour.Singleton.RealWorld" Source="DoFactory.GangOfFour.Singleton.RealWorld\DoFactory.GangOfFour.Singleton.RealWorld.csproj" Description="Converted">
</Event><Event ErrorLevel="0" Project="DoFactory.GangOfFour.Singleton.NETOptimized" Source="DoFactory.GangOfFour.Singleton.NETOptimized\DoFactory.GangOfFour.Singleton.NETOptimized.csproj" Description="Project converted successfully">
</Event><Event ErrorLevel="3" Project="DoFactory.GangOfFour.Singleton.NETOptimized" Source="DoFactory.GangOfFour.Singleton.NETOptimized\DoFactory.GangOfFour.Singleton.NETOptimized.csproj" Description="Converted">
</Event><Event ErrorLevel="0" Project="DoFactory.GangOfFour.Adapter.Structural" Source="DoFactory.GangOfFour.Adapter.Structural\DoFactory.GangOfFour.Adapter.Structural.csproj" Description="Project converted successfully">
</Event><Event ErrorLevel="3" Project="DoFactory.GangOfFour.Adapter.Structural" Source="DoFactory.GangOfFour.Adapter.Structural\DoFactory.GangOfFour.Adapter.Structural.csproj" Description="Converted">
</Event><Event ErrorLevel="0" Project="DoFactory.GangOfFour.Adapter.RealWorld" Source="DoFactory.GangOfFour.Adapter.RealWorld\DoFactory.GangOfFour.Adapter.RealWorld.csproj" Description="Project converted successfully">
</Event><Event ErrorLevel="3" Project="DoFactory.GangOfFour.Adapter.RealWorld" Source="DoFactory.GangOfFour.Adapter.RealWorld\DoFactory.GangOfFour.Adapter.RealWorld.csproj" Description="Converted">
</Event><Event ErrorLevel="0" Project="DoFactory.GangOfFour.Adapter.NETOptimized" Source="DoFactory.GangOfFour.Adapter.NETOptimized\DoFactory.GangOfFour.Adapter.NETOptimized.csproj" Description="Project converted successfully">
</Event><Event ErrorLevel="3" Project="DoFactory.GangOfFour.Adapter.NETOptimized" Source="DoFactory.GangOfFour.Adapter.NETOptimized\DoFactory.GangOfFour.Adapter.NETOptimized.csproj" Description="Converted">
</Event><Event ErrorLevel="0" Project="DoFactory.GangOfFour.Bridge.Structural" Source="DoFactory.GangOfFour.Bridge.Structural\DoFactory.GangOfFour.Bridge.Structural.csproj" Description="Project converted successfully">
</Event><Event ErrorLevel="3" Project="DoFactory.GangOfFour.Bridge.Structural" Source="DoFactory.GangOfFour.Bridge.Structural\DoFactory.GangOfFour.Bridge.Structural.csproj" Description="Converted">
</Event><Event ErrorLevel="0" Project="DoFactory.GangOfFour.Bridge.RealWorld" Source="DoFactory.GangOfFour.Bridge.RealWorld\DoFactory.GangOfFour.Bridge.RealWorld.csproj" Description="Project converted successfully">
</Event><Event ErrorLevel="3" Project="DoFactory.GangOfFour.Bridge.RealWorld" Source="DoFactory.GangOfFour.Bridge.RealWorld\DoFactory.GangOfFour.Bridge.RealWorld.csproj" Description="Converted">
</Event><Event ErrorLevel="0" Project="DoFactory.GangOfFour.Bridge.NETOptimized" Source="DoFactory.GangOfFour.Bridge.NETOptimized\DoFactory.GangOfFour.Bridge.NETOptimized.csproj" Description="Project converted successfully">
</Event><Event ErrorLevel="3" Project="DoFactory.GangOfFour.Bridge.NETOptimized" Source="DoFactory.GangOfFour.Bridge.NETOptimized\DoFactory.GangOfFour.Bridge.NETOptimized.csproj" Description="Converted">
</Event><Event ErrorLevel="0" Project="DoFactory.GangOfFour.Composite.Structural" Source="DoFactory.GangOfFour.Composite.Structural\DoFactory.GangOfFour.Composite.Structural.csproj" Description="Project converted successfully">
</Event><Event ErrorLevel="3" Project="DoFactory.GangOfFour.Composite.Structural" Source="DoFactory.GangOfFour.Composite.Structural\DoFactory.GangOfFour.Composite.Structural.csproj" Description="Converted">
</Event><Event ErrorLevel="0" Project="DoFactory.GangOfFour.Composite.RealWorld" Source="DoFactory.GangOfFour.Composite.RealWorld\DoFactory.GangOfFour.Composite.RealWorld.csproj" Description="Project converted successfully">
</Event><Event ErrorLevel="3" Project="DoFactory.GangOfFour.Composite.RealWorld" Source="DoFactory.GangOfFour.Composite.RealWorld\DoFactory.GangOfFour.Composite.RealWorld.csproj" Description="Converted">
</Event><Event ErrorLevel="0" Project="DoFactory.GangOfFour.Composite.NETOptimized" Source="DoFactory.GangOfFour.Composite.NETOptimized\DoFactory.GangOfFour.Composite.NETOptimized.csproj" Description="Project converted successfully">
</Event><Event ErrorLevel="3" Project="DoFactory.GangOfFour.Composite.NETOptimized" Source="DoFactory.GangOfFour.Composite.NETOptimized\DoFactory.GangOfFour.Composite.NETOptimized.csproj" Description="Converted">
</Event><Event ErrorLevel="0" Project="DoFactory.GangOfFour.Decorator.Structural" Source="DoFactory.GangOfFour.Decorator.Structural\DoFactory.GangOfFour.Decorator.Structural.csproj" Description="Project converted successfully">
</Event><Event ErrorLevel="3" Project="DoFactory.GangOfFour.Decorator.Structural" Source="DoFactory.GangOfFour.Decorator.Structural\DoFactory.GangOfFour.Decorator.Structural.csproj" Description="Converted">
</Event><Event ErrorLevel="0" Project="DoFactory.GangOfFour.Decorator.RealWorld" Source="DoFactory.GangOfFour.Decorator.RealWorld\DoFactory.GangOfFour.Decorator.RealWorld.csproj" Description="Project converted successfully">
</Event><Event ErrorLevel="3" Project="DoFactory.GangOfFour.Decorator.RealWorld" Source="DoFactory.GangOfFour.Decorator.RealWorld\DoFactory.GangOfFour.Decorator.RealWorld.csproj" Description="Converted">
</Event><Event ErrorLevel="0" Project="DoFactory.GangOfFour.Decorator.NETOptimized" Source="DoFactory.GangOfFour.Decorator.NETOptimized\DoFactory.GangOfFour.Decorator.NETOptimized.csproj" Description="Project converted successfully">
</Event><Event ErrorLevel="3" Project="DoFactory.GangOfFour.Decorator.NETOptimized" Source="DoFactory.GangOfFour.Decorator.NETOptimized\DoFactory.GangOfFour.Decorator.NETOptimized.csproj" Description="Converted">
</Event><Event ErrorLevel="0" Project="DoFactory.GangOfFour.Facade.Structural" Source="DoFactory.GangOfFour.Facade.Structural\DoFactory.GangOfFour.Facade.Structural.csproj" Description="Project converted successfully">
</Event><Event ErrorLevel="3" Project="DoFactory.GangOfFour.Facade.Structural" Source="DoFactory.GangOfFour.Facade.Structural\DoFactory.GangOfFour.Facade.Structural.csproj" Description="Converted">
</Event><Event ErrorLevel="0" Project="DoFactory.GangOfFour.Facade.RealWorld" Source="DoFactory.GangOfFour.Facade.RealWorld\DoFactory.GangOfFour.Facade.RealWorld.csproj" Description="Project converted successfully">
</Event><Event ErrorLevel="3" Project="DoFactory.GangOfFour.Facade.RealWorld" Source="DoFactory.GangOfFour.Facade.RealWorld\DoFactory.GangOfFour.Facade.RealWorld.csproj" Description="Converted">
</Event><Event ErrorLevel="0" Project="DoFactory.GangOfFour.Facade.NETOptimized" Source="DoFactory.GangOfFour.Facade.NETOptimized\DoFactory.GangOfFour.Facade.NETOptimized.csproj" Description="Project converted successfully">
</Event><Event ErrorLevel="3" Project="DoFactory.GangOfFour.Facade.NETOptimized" Source="DoFactory.GangOfFour.Facade.NETOptimized\DoFactory.GangOfFour.Facade.NETOptimized.csproj" Description="Converted">
</Event><Event ErrorLevel="0" Project="DoFactory.GangOfFour.Flyweight.Structural" Source="DoFactory.GangOfFour.Flyweight.Structural\DoFactory.GangOfFour.Flyweight.Structural.csproj" Description="Project converted successfully">
</Event><Event ErrorLevel="3" Project="DoFactory.GangOfFour.Flyweight.Structural" Source="DoFactory.GangOfFour.Flyweight.Structural\DoFactory.GangOfFour.Flyweight.Structural.csproj" Description="Converted">
</Event><Event ErrorLevel="0" Project="DoFactory.GangOfFour.Flyweight.RealWorld" Source="DoFactory.GangOfFour.Flyweight.RealWorld\DoFactory.GangOfFour.Flyweight.RealWorld.csproj" Description="Project converted successfully">
</Event><Event ErrorLevel="3" Project="DoFactory.GangOfFour.Flyweight.RealWorld" Source="DoFactory.GangOfFour.Flyweight.RealWorld\DoFactory.GangOfFour.Flyweight.RealWorld.csproj" Description="Converted">
</Event><Event ErrorLevel="0" Project="DoFactory.GangOfFour.Flyweight.NETOptimized" Source="DoFactory.GangOfFour.Flyweight.NETOptimized\DoFactory.GangOfFour.Flyweight.NETOptimized.csproj" Description="Project converted successfully">
</Event><Event ErrorLevel="3" Project="DoFactory.GangOfFour.Flyweight.NETOptimized" Source="DoFactory.GangOfFour.Flyweight.NETOptimized\DoFactory.GangOfFour.Flyweight.NETOptimized.csproj" Description="Converted">
</Event><Event ErrorLevel="0" Project="DoFactory.GangOfFour.Proxy.Structural" Source="DoFactory.GangOfFour.Proxy.Structural\DoFactory.GangOfFour.Proxy.Structural.csproj" Description="Project converted successfully">
</Event><Event ErrorLevel="3" Project="DoFactory.GangOfFour.Proxy.Structural" Source="DoFactory.GangOfFour.Proxy.Structural\DoFactory.GangOfFour.Proxy.Structural.csproj" Description="Converted">
</Event><Event ErrorLevel="0" Project="DoFactory.GangOfFour.Proxy.RealWorld" Source="DoFactory.GangOfFour.Proxy.RealWorld\DoFactory.GangOfFour.Proxy.RealWorld.csproj" Description="Project converted successfully">
</Event><Event ErrorLevel="3" Project="DoFactory.GangOfFour.Proxy.RealWorld" Source="DoFactory.GangOfFour.Proxy.RealWorld\DoFactory.GangOfFour.Proxy.RealWorld.csproj" Description="Converted">
</Event><Event ErrorLevel="0" Project="DoFactory.GangOfFour.Proxy.NETOptimized" Source="DoFactory.GangOfFour.Proxy.NETOptimized\DoFactory.GangOfFour.Proxy.NETOptimized.csproj" Description="Project converted successfully">
</Event><Event ErrorLevel="3" Project="DoFactory.GangOfFour.Proxy.NETOptimized" Source="DoFactory.GangOfFour.Proxy.NETOptimized\DoFactory.GangOfFour.Proxy.NETOptimized.csproj" Description="Converted">
</Event><Event ErrorLevel="0" Project="DoFactory.GangOfFour.Chain.Structural" Source="DoFactory.GangOfFour.Chain.Structural\DoFactory.GangOfFour.Chain.Structural.csproj" Description="Project converted successfully">
</Event><Event ErrorLevel="3" Project="DoFactory.GangOfFour.Chain.Structural" Source="DoFactory.GangOfFour.Chain.Structural\DoFactory.GangOfFour.Chain.Structural.csproj" Description="Converted">
</Event><Event ErrorLevel="0" Project="DoFactory.GangOfFour.Chain.RealWorld" Source="DoFactory.GangOfFour.Chain.RealWorld\DoFactory.GangOfFour.Chain.RealWorld.csproj" Description="Project converted successfully">
</Event><Event ErrorLevel="3" Project="DoFactory.GangOfFour.Chain.RealWorld" Source="DoFactory.GangOfFour.Chain.RealWorld\DoFactory.GangOfFour.Chain.RealWorld.csproj" Description="Converted">
</Event><Event ErrorLevel="0" Project="DoFactory.GangOfFour.Chain.NETOptimized" Source="DoFactory.GangOfFour.Chain.NETOptimized\DoFactory.GangOfFour.Chain.NETOptimized.csproj" Description="Project converted successfully">
</Event><Event ErrorLevel="3" Project="DoFactory.GangOfFour.Chain.NETOptimized" Source="DoFactory.GangOfFour.Chain.NETOptimized\DoFactory.GangOfFour.Chain.NETOptimized.csproj" Description="Converted">
</Event><Event ErrorLevel="0" Project="DoFactory.GangOfFour.Command.Structural" Source="DoFactory.GangOfFour.Command.Structural\DoFactory.GangOfFour.Command.Structural.csproj" Description="Project converted successfully">
</Event><Event ErrorLevel="3" Project="DoFactory.GangOfFour.Command.Structural" Source="DoFactory.GangOfFour.Command.Structural\DoFactory.GangOfFour.Command.Structural.csproj" Description="Converted">
</Event><Event ErrorLevel="0" Project="DoFactory.GangOfFour.Command.RealWorld" Source="DoFactory.GangOfFour.Command.RealWorld\DoFactory.GangOfFour.Command.RealWorld.csproj" Description="Project converted successfully">
</Event><Event ErrorLevel="3" Project="DoFactory.GangOfFour.Command.RealWorld" Source="DoFactory.GangOfFour.Command.RealWorld\DoFactory.GangOfFour.Command.RealWorld.csproj" Description="Converted">
</Event><Event ErrorLevel="0" Project="DoFactory.GangOfFour.Command.NETOptimized" Source="DoFactory.GangOfFour.Command.NETOptimized\DoFactory.GangOfFour.Command.NETOptimized.csproj" Description="Project converted successfully">
</Event><Event ErrorLevel="3" Project="DoFactory.GangOfFour.Command.NETOptimized" Source="DoFactory.GangOfFour.Command.NETOptimized\DoFactory.GangOfFour.Command.NETOptimized.csproj" Description="Converted">
</Event><Event ErrorLevel="0" Project="DoFactory.GangOfFour.Interpreter.Structural" Source="DoFactory.GangOfFour.Interpreter.Structural\DoFactory.GangOfFour.Interpreter.Structural.csproj" Description="Project converted successfully">
</Event><Event ErrorLevel="3" Project="DoFactory.GangOfFour.Interpreter.Structural" Source="DoFactory.GangOfFour.Interpreter.Structural\DoFactory.GangOfFour.Interpreter.Structural.csproj" Description="Converted">
</Event><Event ErrorLevel="0" Project="DoFactory.GangOfFour.Interpreter.RealWorld" Source="DoFactory.GangOfFour.Interpreter.RealWorld\DoFactory.GangOfFour.Interpreter.RealWorld.csproj" Description="Project converted successfully">
</Event><Event ErrorLevel="3" Project="DoFactory.GangOfFour.Interpreter.RealWorld" Source="DoFactory.GangOfFour.Interpreter.RealWorld\DoFactory.GangOfFour.Interpreter.RealWorld.csproj" Description="Converted">
</Event><Event ErrorLevel="0" Project="DoFactory.GangOfFour.Interpreter.NETOptimized" Source="DoFactory.GangOfFour.Interpreter.NETOptimized\DoFactory.GangOfFour.Interpreter.NETOptimized.csproj" Description="Project converted successfully">
</Event><Event ErrorLevel="3" Project="DoFactory.GangOfFour.Interpreter.NETOptimized" Source="DoFactory.GangOfFour.Interpreter.NETOptimized\DoFactory.GangOfFour.Interpreter.NETOptimized.csproj" Description="Converted">
</Event><Event ErrorLevel="0" Project="DoFactory.GangOfFour.Iterator.Structural" Source="DoFactory.GangOfFour.Iterator.Structural\DoFactory.GangOfFour.Iterator.Structural.csproj" Description="Project converted successfully">
</Event><Event ErrorLevel="3" Project="DoFactory.GangOfFour.Iterator.Structural" Source="DoFactory.GangOfFour.Iterator.Structural\DoFactory.GangOfFour.Iterator.Structural.csproj" Description="Converted">
</Event><Event ErrorLevel="0" Project="DoFactory.GangOfFour.Iterator.RealWorld" Source="DoFactory.GangOfFour.Iterator.RealWorld\DoFactory.GangOfFour.Iterator.RealWorld.csproj" Description="Project converted successfully">
</Event><Event ErrorLevel="3" Project="DoFactory.GangOfFour.Iterator.RealWorld" Source="DoFactory.GangOfFour.Iterator.RealWorld\DoFactory.GangOfFour.Iterator.RealWorld.csproj" Description="Converted">
</Event><Event ErrorLevel="0" Project="DoFactory.GangOfFour.Iterator.NETOptimized" Source="DoFactory.GangOfFour.Iterator.NETOptimized\DoFactory.GangOfFour.Iterator.NETOptimized.csproj" Description="Project converted successfully">
</Event><Event ErrorLevel="3" Project="DoFactory.GangOfFour.Iterator.NETOptimized" Source="DoFactory.GangOfFour.Iterator.NETOptimized\DoFactory.GangOfFour.Iterator.NETOptimized.csproj" Description="Converted">
</Event><Event ErrorLevel="0" Project="DoFactory.GangOfFour.Mediator.Structural" Source="DoFactory.GangOfFour.Mediator.Structural\DoFactory.GangOfFour.Mediator.Structural.csproj" Description="Project converted successfully">
</Event><Event ErrorLevel="3" Project="DoFactory.GangOfFour.Mediator.Structural" Source="DoFactory.GangOfFour.Mediator.Structural\DoFactory.GangOfFour.Mediator.Structural.csproj" Description="Converted">
</Event><Event ErrorLevel="0" Project="DoFactory.GangOfFour.Mediator.RealWorld" Source="DoFactory.GangOfFour.Mediator.RealWorld\DoFactory.GangOfFour.Mediator.RealWorld.csproj" Description="Project converted successfully">
</Event><Event ErrorLevel="3" Project="DoFactory.GangOfFour.Mediator.RealWorld" Source="DoFactory.GangOfFour.Mediator.RealWorld\DoFactory.GangOfFour.Mediator.RealWorld.csproj" Description="Converted">
</Event><Event ErrorLevel="0" Project="DoFactory.GangOfFour.Mediator.NETOptimized" Source="DoFactory.GangOfFour.Mediator.NETOptimized\DoFactory.GangOfFour.Mediator.NETOptimized.csproj" Description="Project converted successfully">
</Event><Event ErrorLevel="3" Project="DoFactory.GangOfFour.Mediator.NETOptimized" Source="DoFactory.GangOfFour.Mediator.NETOptimized\DoFactory.GangOfFour.Mediator.NETOptimized.csproj" Description="Converted">
</Event><Event ErrorLevel="0" Project="DoFactory.GangOfFour.Memento.Structural" Source="DoFactory.GangOfFour.Memento.Structural\DoFactory.GangOfFour.Memento.Structural.csproj" Description="Project converted successfully">
</Event><Event ErrorLevel="3" Project="DoFactory.GangOfFour.Memento.Structural" Source="DoFactory.GangOfFour.Memento.Structural\DoFactory.GangOfFour.Memento.Structural.csproj" Description="Converted">
</Event><Event ErrorLevel="0" Project="DoFactory.GangOfFour.Memento.RealWorld" Source="DoFactory.GangOfFour.Memento.RealWorld\DoFactory.GangOfFour.Memento.RealWorld.csproj" Description="Project converted successfully">
</Event><Event ErrorLevel="3" Project="DoFactory.GangOfFour.Memento.RealWorld" Source="DoFactory.GangOfFour.Memento.RealWorld\DoFactory.GangOfFour.Memento.RealWorld.csproj" Description="Converted">
</Event><Event ErrorLevel="0" Project="DoFactory.GangOfFour.Memento.NETOptimized" Source="DoFactory.GangOfFour.Memento.NETOptimized\DoFactory.GangOfFour.Memento.NETOptimized.csproj" Description="Project converted successfully">
</Event><Event ErrorLevel="3" Project="DoFactory.GangOfFour.Memento.NETOptimized" Source="DoFactory.GangOfFour.Memento.NETOptimized\DoFactory.GangOfFour.Memento.NETOptimized.csproj" Description="Converted">
</Event><Event ErrorLevel="0" Project="DoFactory.GangOfFour.Observer.Structural" Source="DoFactory.GangOfFour.Observer.Structural\DoFactory.GangOfFour.Observer.Structural.csproj" Description="Project converted successfully">
</Event><Event ErrorLevel="3" Project="DoFactory.GangOfFour.Observer.Structural" Source="DoFactory.GangOfFour.Observer.Structural\DoFactory.GangOfFour.Observer.Structural.csproj" Description="Converted">
</Event><Event ErrorLevel="0" Project="DoFactory.GangOfFour.Observer.RealWorld" Source="DoFactory.GangOfFour.Observer.RealWorld\DoFactory.GangOfFour.Observer.RealWorld.csproj" Description="Project converted successfully">
</Event><Event ErrorLevel="3" Project="DoFactory.GangOfFour.Observer.RealWorld" Source="DoFactory.GangOfFour.Observer.RealWorld\DoFactory.GangOfFour.Observer.RealWorld.csproj" Description="Converted">
</Event><Event ErrorLevel="0" Project="DoFactory.GangOfFour.Observer.NETOptimized" Source="DoFactory.GangOfFour.Observer.NETOptimized\DoFactory.GangOfFour.Observer.NETOptimized.csproj" Description="Project converted successfully">
</Event><Event ErrorLevel="3" Project="DoFactory.GangOfFour.Observer.NETOptimized" Source="DoFactory.GangOfFour.Observer.NETOptimized\DoFactory.GangOfFour.Observer.NETOptimized.csproj" Description="Converted">
</Event><Event ErrorLevel="0" Project="DoFactory.GangOfFour.State.Structural" Source="DoFactory.GangOfFour.State.Structural\DoFactory.GangOfFour.State.Structural.csproj" Description="Project converted successfully">
</Event><Event ErrorLevel="3" Project="DoFactory.GangOfFour.State.Structural" Source="DoFactory.GangOfFour.State.Structural\DoFactory.GangOfFour.State.Structural.csproj" Description="Converted">
</Event><Event ErrorLevel="0" Project="DoFactory.GangOfFour.State.RealWorld" Source="DoFactory.GangOfFour.State.RealWorld\DoFactory.GangOfFour.State.RealWorld.csproj" Description="Project converted successfully">
</Event><Event ErrorLevel="3" Project="DoFactory.GangOfFour.State.RealWorld" Source="DoFactory.GangOfFour.State.RealWorld\DoFactory.GangOfFour.State.RealWorld.csproj" Description="Converted">
</Event><Event ErrorLevel="0" Project="DoFactory.GangOfFour.State.NETOptimized" Source="DoFactory.GangOfFour.State.NETOptimized\DoFactory.GangOfFour.State.NETOptimized.csproj" Description="Project converted successfully">
</Event><Event ErrorLevel="3" Project="DoFactory.GangOfFour.State.NETOptimized" Source="DoFactory.GangOfFour.State.NETOptimized\DoFactory.GangOfFour.State.NETOptimized.csproj" Description="Converted">
</Event><Event ErrorLevel="0" Project="DoFactory.GangOfFour.Strategy.Structural" Source="DoFactory.GangOfFour.Strategy.Structural\DoFactory.GangOfFour.Strategy.Structural.csproj" Description="Project converted successfully">
</Event><Event ErrorLevel="3" Project="DoFactory.GangOfFour.Strategy.Structural" Source="DoFactory.GangOfFour.Strategy.Structural\DoFactory.GangOfFour.Strategy.Structural.csproj" Description="Converted">
</Event><Event ErrorLevel="0" Project="DoFactory.GangOfFour.Strategy.RealWorld" Source="DoFactory.GangOfFour.Strategy.RealWorld\DoFactory.GangOfFour.Strategy.RealWorld.csproj" Description="Project converted successfully">
</Event><Event ErrorLevel="3" Project="DoFactory.GangOfFour.Strategy.RealWorld" Source="DoFactory.GangOfFour.Strategy.RealWorld\DoFactory.GangOfFour.Strategy.RealWorld.csproj" Description="Converted">
</Event><Event ErrorLevel="0" Project="DoFactory.GangOfFour.Strategy.NETOptimized" Source="DoFactory.GangOfFour.Strategy.NETOptimized\DoFactory.GangOfFour.Strategy.NETOptimized.csproj" Description="Project converted successfully">
</Event><Event ErrorLevel="3" Project="DoFactory.GangOfFour.Strategy.NETOptimized" Source="DoFactory.GangOfFour.Strategy.NETOptimized\DoFactory.GangOfFour.Strategy.NETOptimized.csproj" Description="Converted">
</Event><Event ErrorLevel="0" Project="DoFactory.GangOfFour.Template.Structural" Source="DoFactory.GangOfFour.Template.Structural\DoFactory.GangOfFour.Template.Structural.csproj" Description="Project converted successfully">
</Event><Event ErrorLevel="3" Project="DoFactory.GangOfFour.Template.Structural" Source="DoFactory.GangOfFour.Template.Structural\DoFactory.GangOfFour.Template.Structural.csproj" Description="Converted">
</Event><Event ErrorLevel="0" Project="DoFactory.GangOfFour.Template.RealWorld" Source="DoFactory.GangOfFour.Template.RealWorld\DoFactory.GangOfFour.Template.RealWorld.csproj" Description="Project converted successfully">
</Event><Event ErrorLevel="3" Project="DoFactory.GangOfFour.Template.RealWorld" Source="DoFactory.GangOfFour.Template.RealWorld\DoFactory.GangOfFour.Template.RealWorld.csproj" Description="Converted">
</Event><Event ErrorLevel="0" Project="DoFactory.GangOfFour.Template.NETOptimized" Source="DoFactory.GangOfFour.Template.NETOptimized\DoFactory.GangOfFour.Template.NETOptimized.csproj" Description="Project converted successfully">
</Event><Event ErrorLevel="3" Project="DoFactory.GangOfFour.Template.NETOptimized" Source="DoFactory.GangOfFour.Template.NETOptimized\DoFactory.GangOfFour.Template.NETOptimized.csproj" Description="Converted">
</Event><Event ErrorLevel="0" Project="DoFactory.GangOfFour.Visitor.Structural" Source="DoFactory.GangOfFour.Visitor.Structural\DoFactory.GangOfFour.Visitor.Structural.csproj" Description="Project converted successfully">
</Event><Event ErrorLevel="3" Project="DoFactory.GangOfFour.Visitor.Structural" Source="DoFactory.GangOfFour.Visitor.Structural\DoFactory.GangOfFour.Visitor.Structural.csproj" Description="Converted">
</Event><Event ErrorLevel="0" Project="DoFactory.GangOfFour.Visitor.RealWorld" Source="DoFactory.GangOfFour.Visitor.RealWorld\DoFactory.GangOfFour.Visitor.RealWorld.csproj" Description="Project converted successfully">
</Event><Event ErrorLevel="3" Project="DoFactory.GangOfFour.Visitor.RealWorld" Source="DoFactory.GangOfFour.Visitor.RealWorld\DoFactory.GangOfFour.Visitor.RealWorld.csproj" Description="Converted">
</Event><Event ErrorLevel="0" Project="DoFactory.GangOfFour.Visitor.NETOptimized" Source="DoFactory.GangOfFour.Visitor.NETOptimized\DoFactory.GangOfFour.Visitor.NETOptimized.csproj" Description="Project converted successfully">
</Event><Event ErrorLevel="3" Project="DoFactory.GangOfFour.Visitor.NETOptimized" Source="DoFactory.GangOfFour.Visitor.NETOptimized\DoFactory.GangOfFour.Visitor.NETOptimized.csproj" Description="Converted">
</Event><Event ErrorLevel="0" Project="" Source="DoFactory.GangOfFour.sln" Description="Solution converted successfully">
</Event><Event ErrorLevel="3" Project="" Source="DoFactory.GangOfFour.sln" Description="Converted">
</Event><Event ErrorLevel="0" Project="DoFactory.GangOfFour.Abstract.Structural" Source="DoFactory.GangOfFour.Abstract.Structural\DoFactory.GangOfFour.Abstract.Structural.csproj" Description="Scan complete: Upgrade not required for project files.">
</Event><Event ErrorLevel="0" Project="DoFactory.GangOfFour.Abstract.RealWorld" Source="DoFactory.GangOfFour.Abstract.RealWorld\DoFactory.GangOfFour.Abstract.RealWorld.csproj" Description="Scan complete: Upgrade not required for project files.">
</Event><Event ErrorLevel="0" Project="DoFactory.GangOfFour.Abstract.NETOptimized" Source="DoFactory.GangOfFour.Abstract.NETOptimized\DoFactory.GangOfFour.Abstract.NETOptimized.csproj" Description="Scan complete: Upgrade not required for project files.">
</Event><Event ErrorLevel="0" Project="DoFactory.GangOfFour.Builder.Structural" Source="DoFactory.GangOfFour.Builder.Structural\DoFactory.GangOfFour.Builder.Structural.csproj" Description="Scan complete: Upgrade not required for project files.">
</Event><Event ErrorLevel="0" Project="DoFactory.GangOfFour.Builder.RealWorld" Source="DoFactory.GangOfFour.Builder.RealWorld\DoFactory.GangOfFour.Builder.RealWorld.csproj" Description="Scan complete: Upgrade not required for project files.">
</Event><Event ErrorLevel="0" Project="DoFactory.GangOfFour.Builder.NETOptimized" Source="DoFactory.GangOfFour.Builder.NETOptimized\DoFactory.GangOfFour.Builder.NETOptimized.csproj" Description="Scan complete: Upgrade not required for project files.">
</Event><Event ErrorLevel="0" Project="DoFactory.GangOfFour.Factory.Structural" Source="DoFactory.GangOfFour.Factory.Structural\DoFactory.GangOfFour.Factory.Structural.csproj" Description="Scan complete: Upgrade not required for project files.">
</Event><Event ErrorLevel="0" Project="DoFactory.GangOfFour.Factory.RealWorld" Source="DoFactory.GangOfFour.Factory.RealWorld\DoFactory.GangOfFour.Factory.RealWorld.csproj" Description="Scan complete: Upgrade not required for project files.">
</Event><Event ErrorLevel="0" Project="DoFactory.GangOfFour.Factory.NETOptimized" Source="DoFactory.GangOfFour.Factory.NETOptimized\DoFactory.GangOfFour.Factory.NETOptimized.csproj" Description="Scan complete: Upgrade not required for project files.">
</Event><Event ErrorLevel="0" Project="DoFactory.GangOfFour.Prototype.Structural" Source="DoFactory.GangOfFour.Prototype.Structural\DoFactory.GangOfFour.Prototype.Structural.csproj" Description="Scan complete: Upgrade not required for project files.">
</Event><Event ErrorLevel="0" Project="DoFactory.GangOfFour.Prototype.RealWorld" Source="DoFactory.GangOfFour.Prototype.RealWorld\DoFactory.GangOfFour.Prototype.RealWorld.csproj" Description="Scan complete: Upgrade not required for project files.">
</Event><Event ErrorLevel="0" Project="DoFactory.GangOfFour.Prototype.NETOptimized" Source="DoFactory.GangOfFour.Prototype.NETOptimized\DoFactory.GangOfFour.Prototype.NETOptimized.csproj" Description="Scan complete: Upgrade not required for project files.">
</Event><Event ErrorLevel="0" Project="DoFactory.GangOfFour.Singleton.Structural" Source="DoFactory.GangOfFour.Singleton.Structural\DoFactory.GangOfFour.Singleton.Structural.csproj" Description="Scan complete: Upgrade not required for project files.">
</Event><Event ErrorLevel="0" Project="DoFactory.GangOfFour.Singleton.RealWorld" Source="DoFactory.GangOfFour.Singleton.RealWorld\DoFactory.GangOfFour.Singleton.RealWorld.csproj" Description="Scan complete: Upgrade not required for project files.">
</Event><Event ErrorLevel="0" Project="DoFactory.GangOfFour.Singleton.NETOptimized" Source="DoFactory.GangOfFour.Singleton.NETOptimized\DoFactory.GangOfFour.Singleton.NETOptimized.csproj" Description="Scan complete: Upgrade not required for project files.">
</Event><Event ErrorLevel="0" Project="DoFactory.GangOfFour.Adapter.Structural" Source="DoFactory.GangOfFour.Adapter.Structural\DoFactory.GangOfFour.Adapter.Structural.csproj" Description="Scan complete: Upgrade not required for project files.">
</Event><Event ErrorLevel="0" Project="DoFactory.GangOfFour.Adapter.RealWorld" Source="DoFactory.GangOfFour.Adapter.RealWorld\DoFactory.GangOfFour.Adapter.RealWorld.csproj" Description="Scan complete: Upgrade not required for project files.">
</Event><Event ErrorLevel="0" Project="DoFactory.GangOfFour.Adapter.NETOptimized" Source="DoFactory.GangOfFour.Adapter.NETOptimized\DoFactory.GangOfFour.Adapter.NETOptimized.csproj" Description="Scan complete: Upgrade not required for project files.">
</Event><Event ErrorLevel="0" Project="DoFactory.GangOfFour.Bridge.Structural" Source="DoFactory.GangOfFour.Bridge.Structural\DoFactory.GangOfFour.Bridge.Structural.csproj" Description="Scan complete: Upgrade not required for project files.">
</Event><Event ErrorLevel="0" Project="DoFactory.GangOfFour.Bridge.RealWorld" Source="DoFactory.GangOfFour.Bridge.RealWorld\DoFactory.GangOfFour.Bridge.RealWorld.csproj" Description="Scan complete: Upgrade not required for project files.">
</Event><Event ErrorLevel="0" Project="DoFactory.GangOfFour.Bridge.NETOptimized" Source="DoFactory.GangOfFour.Bridge.NETOptimized\DoFactory.GangOfFour.Bridge.NETOptimized.csproj" Description="Scan complete: Upgrade not required for project files.">
</Event><Event ErrorLevel="0" Project="DoFactory.GangOfFour.Composite.Structural" Source="DoFactory.GangOfFour.Composite.Structural\DoFactory.GangOfFour.Composite.Structural.csproj" Description="Scan complete: Upgrade not required for project files.">
</Event><Event ErrorLevel="0" Project="DoFactory.GangOfFour.Composite.RealWorld" Source="DoFactory.GangOfFour.Composite.RealWorld\DoFactory.GangOfFour.Composite.RealWorld.csproj" Description="Scan complete: Upgrade not required for project files.">
</Event><Event ErrorLevel="0" Project="DoFactory.GangOfFour.Composite.NETOptimized" Source="DoFactory.GangOfFour.Composite.NETOptimized\DoFactory.GangOfFour.Composite.NETOptimized.csproj" Description="Scan complete: Upgrade not required for project files.">
</Event><Event ErrorLevel="0" Project="DoFactory.GangOfFour.Decorator.Structural" Source="DoFactory.GangOfFour.Decorator.Structural\DoFactory.GangOfFour.Decorator.Structural.csproj" Description="Scan complete: Upgrade not required for project files.">
</Event><Event ErrorLevel="0" Project="DoFactory.GangOfFour.Decorator.RealWorld" Source="DoFactory.GangOfFour.Decorator.RealWorld\DoFactory.GangOfFour.Decorator.RealWorld.csproj" Description="Scan complete: Upgrade not required for project files.">
</Event><Event ErrorLevel="0" Project="DoFactory.GangOfFour.Decorator.NETOptimized" Source="DoFactory.GangOfFour.Decorator.NETOptimized\DoFactory.GangOfFour.Decorator.NETOptimized.csproj" Description="Scan complete: Upgrade not required for project files.">
</Event><Event ErrorLevel="0" Project="DoFactory.GangOfFour.Facade.Structural" Source="DoFactory.GangOfFour.Facade.Structural\DoFactory.GangOfFour.Facade.Structural.csproj" Description="Scan complete: Upgrade not required for project files.">
</Event><Event ErrorLevel="0" Project="DoFactory.GangOfFour.Facade.RealWorld" Source="DoFactory.GangOfFour.Facade.RealWorld\DoFactory.GangOfFour.Facade.RealWorld.csproj" Description="Scan complete: Upgrade not required for project files.">
</Event><Event ErrorLevel="0" Project="DoFactory.GangOfFour.Facade.NETOptimized" Source="DoFactory.GangOfFour.Facade.NETOptimized\DoFactory.GangOfFour.Facade.NETOptimized.csproj" Description="Scan complete: Upgrade not required for project files.">
</Event><Event ErrorLevel="0" Project="DoFactory.GangOfFour.Flyweight.Structural" Source="DoFactory.GangOfFour.Flyweight.Structural\DoFactory.GangOfFour.Flyweight.Structural.csproj" Description="Scan complete: Upgrade not required for project files.">
</Event><Event ErrorLevel="0" Project="DoFactory.GangOfFour.Flyweight.RealWorld" Source="DoFactory.GangOfFour.Flyweight.RealWorld\DoFactory.GangOfFour.Flyweight.RealWorld.csproj" Description="Scan complete: Upgrade not required for project files.">
</Event><Event ErrorLevel="0" Project="DoFactory.GangOfFour.Flyweight.NETOptimized" Source="DoFactory.GangOfFour.Flyweight.NETOptimized\DoFactory.GangOfFour.Flyweight.NETOptimized.csproj" Description="Scan complete: Upgrade not required for project files.">
</Event><Event ErrorLevel="0" Project="DoFactory.GangOfFour.Proxy.Structural" Source="DoFactory.GangOfFour.Proxy.Structural\DoFactory.GangOfFour.Proxy.Structural.csproj" Description="Scan complete: Upgrade not required for project files.">
</Event><Event ErrorLevel="0" Project="DoFactory.GangOfFour.Proxy.RealWorld" Source="DoFactory.GangOfFour.Proxy.RealWorld\DoFactory.GangOfFour.Proxy.RealWorld.csproj" Description="Scan complete: Upgrade not required for project files.">
</Event><Event ErrorLevel="0" Project="DoFactory.GangOfFour.Proxy.NETOptimized" Source="DoFactory.GangOfFour.Proxy.NETOptimized\DoFactory.GangOfFour.Proxy.NETOptimized.csproj" Description="Scan complete: Upgrade not required for project files.">
</Event><Event ErrorLevel="0" Project="DoFactory.GangOfFour.Chain.Structural" Source="DoFactory.GangOfFour.Chain.Structural\DoFactory.GangOfFour.Chain.Structural.csproj" Description="Scan complete: Upgrade not required for project files.">
</Event><Event ErrorLevel="0" Project="DoFactory.GangOfFour.Chain.RealWorld" Source="DoFactory.GangOfFour.Chain.RealWorld\DoFactory.GangOfFour.Chain.RealWorld.csproj" Description="Scan complete: Upgrade not required for project files.">
</Event><Event ErrorLevel="0" Project="DoFactory.GangOfFour.Chain.NETOptimized" Source="DoFactory.GangOfFour.Chain.NETOptimized\DoFactory.GangOfFour.Chain.NETOptimized.csproj" Description="Scan complete: Upgrade not required for project files.">
</Event><Event ErrorLevel="0" Project="DoFactory.GangOfFour.Command.Structural" Source="DoFactory.GangOfFour.Command.Structural\DoFactory.GangOfFour.Command.Structural.csproj" Description="Scan complete: Upgrade not required for project files.">
</Event><Event ErrorLevel="0" Project="DoFactory.GangOfFour.Command.RealWorld" Source="DoFactory.GangOfFour.Command.RealWorld\DoFactory.GangOfFour.Command.RealWorld.csproj" Description="Scan complete: Upgrade not required for project files.">
</Event><Event ErrorLevel="0" Project="DoFactory.GangOfFour.Command.NETOptimized" Source="DoFactory.GangOfFour.Command.NETOptimized\DoFactory.GangOfFour.Command.NETOptimized.csproj" Description="Scan complete: Upgrade not required for project files.">
</Event><Event ErrorLevel="0" Project="DoFactory.GangOfFour.Interpreter.Structural" Source="DoFactory.GangOfFour.Interpreter.Structural\DoFactory.GangOfFour.Interpreter.Structural.csproj" Description="Scan complete: Upgrade not required for project files.">
</Event><Event ErrorLevel="0" Project="DoFactory.GangOfFour.Interpreter.RealWorld" Source="DoFactory.GangOfFour.Interpreter.RealWorld\DoFactory.GangOfFour.Interpreter.RealWorld.csproj" Description="Scan complete: Upgrade not required for project files.">
</Event><Event ErrorLevel="0" Project="DoFactory.GangOfFour.Interpreter.NETOptimized" Source="DoFactory.GangOfFour.Interpreter.NETOptimized\DoFactory.GangOfFour.Interpreter.NETOptimized.csproj" Description="Scan complete: Upgrade not required for project files.">
</Event><Event ErrorLevel="0" Project="DoFactory.GangOfFour.Iterator.Structural" Source="DoFactory.GangOfFour.Iterator.Structural\DoFactory.GangOfFour.Iterator.Structural.csproj" Description="Scan complete: Upgrade not required for project files.">
</Event><Event ErrorLevel="0" Project="DoFactory.GangOfFour.Iterator.RealWorld" Source="DoFactory.GangOfFour.Iterator.RealWorld\DoFactory.GangOfFour.Iterator.RealWorld.csproj" Description="Scan complete: Upgrade not required for project files.">
</Event><Event ErrorLevel="0" Project="DoFactory.GangOfFour.Iterator.NETOptimized" Source="DoFactory.GangOfFour.Iterator.NETOptimized\DoFactory.GangOfFour.Iterator.NETOptimized.csproj" Description="Scan complete: Upgrade not required for project files.">
</Event><Event ErrorLevel="0" Project="DoFactory.GangOfFour.Mediator.Structural" Source="DoFactory.GangOfFour.Mediator.Structural\DoFactory.GangOfFour.Mediator.Structural.csproj" Description="Scan complete: Upgrade not required for project files.">
</Event><Event ErrorLevel="0" Project="DoFactory.GangOfFour.Mediator.RealWorld" Source="DoFactory.GangOfFour.Mediator.RealWorld\DoFactory.GangOfFour.Mediator.RealWorld.csproj" Description="Scan complete: Upgrade not required for project files.">
</Event><Event ErrorLevel="0" Project="DoFactory.GangOfFour.Mediator.NETOptimized" Source="DoFactory.GangOfFour.Mediator.NETOptimized\DoFactory.GangOfFour.Mediator.NETOptimized.csproj" Description="Scan complete: Upgrade not required for project files.">
</Event><Event ErrorLevel="0" Project="DoFactory.GangOfFour.Memento.Structural" Source="DoFactory.GangOfFour.Memento.Structural\DoFactory.GangOfFour.Memento.Structural.csproj" Description="Scan complete: Upgrade not required for project files.">
</Event><Event ErrorLevel="0" Project="DoFactory.GangOfFour.Memento.RealWorld" Source="DoFactory.GangOfFour.Memento.RealWorld\DoFactory.GangOfFour.Memento.RealWorld.csproj" Description="Scan complete: Upgrade not required for project files.">
</Event><Event ErrorLevel="0" Project="DoFactory.GangOfFour.Memento.NETOptimized" Source="DoFactory.GangOfFour.Memento.NETOptimized\DoFactory.GangOfFour.Memento.NETOptimized.csproj" Description="Scan complete: Upgrade not required for project files.">
</Event><Event ErrorLevel="0" Project="DoFactory.GangOfFour.Observer.Structural" Source="DoFactory.GangOfFour.Observer.Structural\DoFactory.GangOfFour.Observer.Structural.csproj" Description="Scan complete: Upgrade not required for project files.">
</Event><Event ErrorLevel="0" Project="DoFactory.GangOfFour.Observer.RealWorld" Source="DoFactory.GangOfFour.Observer.RealWorld\DoFactory.GangOfFour.Observer.RealWorld.csproj" Description="Scan complete: Upgrade not required for project files.">
</Event><Event ErrorLevel="0" Project="DoFactory.GangOfFour.Observer.NETOptimized" Source="DoFactory.GangOfFour.Observer.NETOptimized\DoFactory.GangOfFour.Observer.NETOptimized.csproj" Description="Scan complete: Upgrade not required for project files.">
</Event><Event ErrorLevel="0" Project="DoFactory.GangOfFour.State.Structural" Source="DoFactory.GangOfFour.State.Structural\DoFactory.GangOfFour.State.Structural.csproj" Description="Scan complete: Upgrade not required for project files.">
</Event><Event ErrorLevel="0" Project="DoFactory.GangOfFour.State.RealWorld" Source="DoFactory.GangOfFour.State.RealWorld\DoFactory.GangOfFour.State.RealWorld.csproj" Description="Scan complete: Upgrade not required for project files.">
</Event><Event ErrorLevel="0" Project="DoFactory.GangOfFour.State.NETOptimized" Source="DoFactory.GangOfFour.State.NETOptimized\DoFactory.GangOfFour.State.NETOptimized.csproj" Description="Scan complete: Upgrade not required for project files.">
</Event><Event ErrorLevel="0" Project="DoFactory.GangOfFour.Strategy.Structural" Source="DoFactory.GangOfFour.Strategy.Structural\DoFactory.GangOfFour.Strategy.Structural.csproj" Description="Scan complete: Upgrade not required for project files.">
</Event><Event ErrorLevel="0" Project="DoFactory.GangOfFour.Strategy.RealWorld" Source="DoFactory.GangOfFour.Strategy.RealWorld\DoFactory.GangOfFour.Strategy.RealWorld.csproj" Description="Scan complete: Upgrade not required for project files.">
</Event><Event ErrorLevel="0" Project="DoFactory.GangOfFour.Strategy.NETOptimized" Source="DoFactory.GangOfFour.Strategy.NETOptimized\DoFactory.GangOfFour.Strategy.NETOptimized.csproj" Description="Scan complete: Upgrade not required for project files.">
</Event><Event ErrorLevel="0" Project="DoFactory.GangOfFour.Template.Structural" Source="DoFactory.GangOfFour.Template.Structural\DoFactory.GangOfFour.Template.Structural.csproj" Description="Scan complete: Upgrade not required for project files.">
</Event><Event ErrorLevel="0" Project="DoFactory.GangOfFour.Template.RealWorld" Source="DoFactory.GangOfFour.Template.RealWorld\DoFactory.GangOfFour.Template.RealWorld.csproj" Description="Scan complete: Upgrade not required for project files.">
</Event><Event ErrorLevel="0" Project="DoFactory.GangOfFour.Template.NETOptimized" Source="DoFactory.GangOfFour.Template.NETOptimized\DoFactory.GangOfFour.Template.NETOptimized.csproj" Description="Scan complete: Upgrade not required for project files.">
</Event><Event ErrorLevel="0" Project="DoFactory.GangOfFour.Visitor.Structural" Source="DoFactory.GangOfFour.Visitor.Structural\DoFactory.GangOfFour.Visitor.Structural.csproj" Description="Scan complete: Upgrade not required for project files.">
</Event><Event ErrorLevel="0" Project="DoFactory.GangOfFour.Visitor.RealWorld" Source="DoFactory.GangOfFour.Visitor.RealWorld\DoFactory.GangOfFour.Visitor.RealWorld.csproj" Description="Scan complete: Upgrade not required for project files.">
</Event><Event ErrorLevel="0" Project="DoFactory.GangOfFour.Visitor.NETOptimized" Source="DoFactory.GangOfFour.Visitor.NETOptimized\DoFactory.GangOfFour.Visitor.NETOptimized.csproj" Description="Scan complete: Upgrade not required for project files.">
</Event></UpgradeLog>